Price,Close,High,Low,Open,Volume
Ticker,TSLA,TSLA,TSLA,TSLA,TSLA
Date,,,,,
2021-07-07,214.8833,221.9,212.7733,221.4233,56376000
2021-07-08,217.6033,218.1433,206.82,209.4567,68319900
2021-07-09,218.9833,219.6367,214.8967,217.7267,54421500
2021-07-12,228.5667,229.08,220.72,220.7333,77781000
2021-07-13,222.8467,231.0933,222.1,228.7733,62898300
2021-07-14,217.7933,226.2033,217.6133,223.5833,64923600
2021-07-15,216.8667,222.0467,212.6267,219.4633,60628800
2021-07-16,214.74,218.9,214.0667,218.2267,49113000
2021-07-19,215.4067,215.7333,207.0967,209.9633,63891300
2021-07-20,220.1667,220.7967,213.5,217.33,46461300
2021-07-21,218.43,221.62,216.7633,219.87,41859900
2021-07-22,216.42,220.7233,214.8667,218.8133,45317100
2021-07-23,214.46,216.2667,212.4333,215.4533,43814700
2021-07-26,219.2067,222.7333,215.7033,216.99,76009800
2021-07-27,214.9267,222.1667,209.08,221.1333,98439900
2021-07-28,215.66,218.3233,213.1333,215.6667,48019800
2021-07-29,225.7833,227.8967,216.2667,216.5967,91183800
2021-07-30,229.0667,232.51,223.0,223.92,88969200
2021-08-02,236.5567,242.3133,232.8,233.3333,100847400
2021-08-03,236.58,240.8833,233.67,239.6667,64860900
2021-08-04,236.9733,241.6333,236.31,237.0,51007800
2021-08-05,238.21,240.3167,237.1367,238.6667,38758800
2021-08-06,233.0333,238.7767,232.5433,237.3,46869000
2021-08-09,237.92,239.6767,235.0433,236.7233,44145900
2021-08-10,236.6633,238.8633,233.96,237.9967,40296900
2021-08-11,235.94,238.3933,234.7367,237.57,29401800
2021-08-12,240.75,240.9333,233.1333,235.4467,52377300
2021-08-13,239.0567,243.3,238.1133,241.2367,50194500
2021-08-16,228.7233,236.5,225.4667,235.0233,68032200
2021-08-17,221.9033,224.86,216.28,224.22,71163900
2021-08-18,229.6633,231.9233,223.1167,223.25,61048200
2021-08-19,224.49,228.85,222.53,226.07,42940500
2021-08-20,226.7533,230.71,224.5667,227.6167,44525700
2021-08-23,235.4333,237.3767,226.9167,228.48,60794700
2021-08-24,236.1633,238.4067,234.2133,236.8933,39249300
2021-08-25,237.0667,238.99,234.6667,235.6767,37936800
2021-08-26,233.72,238.4667,232.54,236.1033,39642900
2021-08-27,237.3067,238.3333,234.0333,235.0,41501400
2021-08-30,243.6367,243.6667,237.5767,238.24,55812600
2021-08-31,245.24,246.7967,242.1467,244.3333,62566200
2021-09-01,244.6967,247.33,243.7567,244.6933,39612900
2021-09-02,244.13,246.99,243.5133,244.8333,38331900
2021-09-03,244.5233,244.6667,241.4,244.0833,45738300
2021-09-07,250.9733,253.4,246.42,246.6667,60119400
2021-09-08,251.29,254.8167,246.9233,253.86,56379000
2021-09-09,251.62,254.0333,250.5433,251.1367,42233100
2021-09-10,245.4233,254.2033,244.84,253.2,45552600
2021-09-13,247.6667,248.26,236.2833,246.7367,68857500
2021-09-14,248.1633,251.49,245.4667,247.5233,55574700
2021-09-15,251.9433,252.2867,246.12,248.3333,46073100
2021-09-16,252.33,252.97,249.2033,250.9433,41770200
2021-09-17,253.1633,253.68,250.0,252.3833,84612600
2021-09-20,243.39,247.3333,239.54,244.8533,74273100
2021-09-21,246.46,248.2467,243.48,244.93,48992100
2021-09-22,250.6467,251.2233,246.3733,247.8433,45378900
2021-09-23,251.2133,252.7333,249.3067,251.6667,35842500
2021-09-24,258.13,258.2667,248.1867,248.63,64119000
2021-09-27,263.7867,266.3333,256.4367,257.7067,84212100
2021-09-28,259.1867,265.2133,255.3933,262.4,76144200
2021-09-29,260.4367,264.5,256.8933,259.9333,62828700
2021-09-30,258.4933,263.0433,258.3333,260.3333,53868000
2021-10-01,258.4067,260.26,254.53,259.4667,51094200
2021-10-04,260.51,268.99,258.7067,265.5,91449900
2021-10-05,260.1967,265.77,258.0667,261.6,55297800
2021-10-06,260.9167,262.22,257.74,258.7333,43898400
2021-10-07,264.5367,268.3333,261.1267,261.82,57587400
2021-10-08,261.83,265.46,260.3033,265.4033,50215800
2021-10-11,263.98,267.08,261.8333,262.55,42600900
2021-10-12,268.5733,270.7733,265.5233,266.9767,66060000
2021-10-13,270.36,271.8033,268.5933,270.1567,42360300
2021-10-14,272.7733,273.4167,271.1167,271.83,36741600
2021-10-15,281.01,281.07,274.1167,274.58,56773800
2021-10-18,290.0367,291.7533,283.8233,283.93,72621600
2021-10-19,288.09,292.65,287.5033,292.51,52143300
2021-10-20,288.6,289.83,285.7933,288.45,42096300
2021-10-21,298.0,300.0,285.1667,285.3333,94444500
2021-10-22,303.2267,303.3333,296.9867,298.5,68642400
2021-10-25,341.62,348.34,314.7333,316.8433,188556300
2021-10-26,339.4767,364.98,333.8133,341.5633,187245000
2021-10-27,345.9533,356.96,343.5933,346.5533,115579500
2021-10-28,359.0133,360.3333,351.4,356.1033,81639600
2021-10-29,371.3333,371.7367,357.7367,360.62,89755200
2021-11-01,402.8633,403.25,372.8867,381.6667,168146100
2021-11-02,390.6667,402.8633,382.0,386.4533,128213400
2021-11-03,404.62,405.13,384.2067,392.4433,103885500
2021-11-04,409.97,414.4967,405.6667,411.47,76192200
2021-11-05,407.3633,413.29,402.6667,409.3333,64886400
2021-11-08,387.6467,399.0,377.6667,383.2633,100337100
2021-11-09,341.1667,391.5,337.1733,391.2,177317400
2021-11-10,355.9833,359.3667,329.1033,336.8033,128408100
2021-11-11,354.5033,368.3233,351.56,367.59,67189800
2021-11-12,344.4733,351.5,339.7333,349.1667,76719300
2021-11-15,337.7967,343.9933,326.2,339.21,104326800
2021-11-16,351.5767,352.4,334.06,334.4367,79627200
2021-11-17,363.0033,373.2133,351.8333,354.5033,94336200
2021-11-18,365.46,370.6667,358.34,368.85,62696700
2021-11-19,379.02,379.5733,364.2333,366.29,64926900
2021-11-22,385.6233,400.65,377.4767,387.4433,99217500
2021-11-23,369.6767,393.5,354.2333,389.17,108515100
2021-11-24,372.0,377.59,354.0,360.13,67680600
2021-11-26,360.64,369.5933,360.3333,366.49,35042700
2021-11-29,378.9967,380.89,366.73,366.9967,58393500
2021-11-30,381.5867,389.3333,372.6667,381.4567,81276000
2021-12-01,365.0,390.9467,363.5867,386.9,68450400
2021-12-02,361.5333,371.0,352.2167,366.3533,73114800
2021-12-03,338.3233,363.5267,333.4033,361.5967,92322000
2021-12-06,336.3367,340.5467,316.8333,333.8367,81663000
2021-12-07,350.5833,352.5567,342.27,348.0667,56084700
2021-12-08,356.32,357.46,344.3333,350.9033,41906400
2021-12-09,334.6,354.1633,334.12,353.5467,59438400
2021-12-10,339.01,340.3267,327.51,336.25,59664300
2021-12-13,322.1367,335.0,317.14,333.6967,78595500
2021-12-14,319.5033,322.1367,310.0,315.0,70806300
2021-12-15,325.33,326.25,309.4167,317.7367,75169200
2021-12-16,308.9733,331.66,307.2833,331.5,82771500
2021-12-17,310.8567,320.22,303.0133,304.9233,100437300
2021-12-20,299.98,307.23,297.7967,303.5667,56480100
2021-12-21,312.8433,313.1667,295.3733,305.6233,71517900
2021-12-22,336.29,338.5533,319.0167,321.8867,93634200
2021-12-23,355.6667,357.66,332.52,335.6,92713200
2021-12-27,364.6467,372.3333,356.9067,357.89,71145900
2021-12-28,362.8233,373.0,359.4733,369.83,60324000
2021-12-29,362.0633,368.0,354.7133,366.2133,56154000
2021-12-30,356.78,365.1833,351.05,353.7767,47040900
2021-12-31,352.26,360.6667,351.53,357.8133,40733700
2022-01-03,399.9267,400.3567,378.68,382.5833,103931400
2022-01-04,383.1967,402.6667,374.35,396.5167,100248300
2022-01-05,362.7067,390.1133,360.3367,382.2167,80119800
2022-01-06,354.9,362.6667,340.1667,359.0,90336600
2022-01-07,342.32,360.31,336.6667,360.1233,84164700
2022-01-10,352.7067,353.0333,326.6667,333.3333,91815000
2022-01-11,354.8,358.6167,346.2733,351.2233,66063300
2022-01-12,368.74,371.6133,357.53,359.6167,83739000
2022-01-13,343.8533,371.8667,342.18,369.69,97209900
2022-01-14,349.87,350.6667,337.7933,339.96,72924300
2022-01-18,343.5033,356.93,338.6867,342.2033,66743400
2022-01-19,331.8833,351.5567,331.6667,347.2367,75442500
2022-01-20,332.09,347.22,331.3333,336.5767,70488600
2022-01-21,314.6333,334.85,313.5,332.1133,103416000
2022-01-24,310.0,311.17,283.8233,301.5867,151565700
2022-01-25,306.1333,317.0867,301.07,304.7333,86595900
2022-01-26,312.47,329.23,302.0,317.4767,104867400
2022-01-27,276.3667,311.7967,276.3333,311.12,147109500
2022-01-28,282.1167,285.8333,264.0033,277.1867,134789100
2022-01-31,312.24,312.6633,287.35,290.9033,104436000
2022-02-01,310.4167,314.5667,301.6667,311.7367,73138200
2022-02-02,301.8867,310.5,296.47,309.3933,66792900
2022-02-03,297.0467,312.3333,293.5067,294.0,78855600
2022-02-04,307.7733,312.1667,293.7233,299.0733,73625400
2022-02-07,302.4467,315.9233,300.9033,307.93,60994500
2022-02-08,307.3333,308.7633,298.2667,301.8433,50729100
2022-02-09,310.6667,315.4233,306.6667,311.6667,52259400
2022-02-10,301.5167,314.6033,298.9,302.79,66126900
2022-02-11,286.6667,305.32,283.5667,303.21,79645800
2022-02-14,291.92,299.6267,284.3833,287.19,67756500
2022-02-15,307.4767,307.6667,297.7933,300.0,57286200
2022-02-16,307.7967,308.81,300.4033,304.6833,51294300
2022-02-17,292.1167,306.1667,291.3667,304.42,55178400
2022-02-18,285.66,295.6233,279.2033,295.3333,68501700
2022-02-22,273.8433,285.5767,267.0333,278.0433,83288100
2022-02-23,254.68,278.4333,253.52,276.81,95256900
2022-02-24,266.9233,267.4933,233.3333,233.4633,135322200
2022-02-25,269.9567,273.1667,260.8,269.7433,76067700
2022-02-28,290.1433,292.2867,271.57,271.67,99006900
2022-03-01,288.1233,296.6267,284.5933,289.8933,74766900
2022-03-02,293.2967,295.4933,281.4233,290.71,74643300
2022-03-03,279.7633,295.48,277.5333,292.9233,61623600
2022-03-04,279.43,285.2167,275.0533,283.0333,66999600
2022-03-07,268.1933,288.7133,268.19,285.4333,72494100
2022-03-08,274.8,283.33,260.7233,265.1767,80399100
2022-03-09,286.3233,286.8533,277.3367,279.8267,59184000
2022-03-10,279.4333,284.8167,270.12,283.8167,58648500
2022-03-11,265.1167,281.2667,264.59,280.0667,67037100
2022-03-14,255.4567,266.9,252.0133,260.2033,71152200
2022-03-15,267.2967,268.5233,252.19,258.4233,66841200
2022-03-16,280.0767,280.6667,267.42,269.6667,84028800
2022-03-17,290.5333,291.6667,275.24,276.9967,66582900
2022-03-18,301.7967,302.6167,289.13,291.4967,100414200
2022-03-21,307.0533,314.2833,302.3633,304.9933,81981600
2022-03-22,331.3267,332.62,307.25,310.0,105868500
2022-03-23,333.0367,346.9,325.4667,326.6467,120676200
2022-03-24,337.9733,341.4967,329.6,336.5767,68920800
2022-03-25,336.88,340.6,332.44,336.0,62031600
2022-03-28,363.9467,365.96,351.2,355.0333,102506100
2022-03-29,366.5233,371.59,357.7033,369.33,73614900
2022-03-30,364.6633,371.3167,361.3333,363.7233,59865000
2022-03-31,359.2,367.7133,358.88,364.8567,48992700
2022-04-01,361.53,364.9167,355.5467,360.3833,54263100
2022-04-04,381.8167,383.3033,357.51,363.1267,82035900
2022-04-05,363.7533,384.29,362.4333,378.7667,80075100
2022-04-06,348.5867,359.6667,342.5667,357.8233,89348400
2022-04-07,352.42,358.8633,340.5133,350.7967,79447200
2022-04-08,341.83,349.48,340.8133,347.7367,55013700
2022-04-11,325.31,336.1567,324.88,326.8,59357100
2022-04-12,328.9833,340.3967,325.5333,332.5467,65976000
2022-04-13,340.79,342.08,324.3667,327.0267,55121100
2022-04-14,328.3333,337.57,327.3967,333.0967,58422300
2022-04-18,334.7633,338.3067,324.47,329.6767,51715200
2022-04-19,342.7167,344.98,331.7767,335.02,49847700
2022-04-20,325.7333,344.6667,325.0833,343.3333,70711200
2022-04-21,336.26,364.0733,332.14,358.2433,105416400
2022-04-22,335.0167,344.95,331.3333,338.3033,69696600
2022-04-25,332.6733,336.2067,325.1,326.3233,68341200
2022-04-26,292.14,333.3333,291.6667,331.81,136133700
2022-04-27,293.8367,306.0,292.4533,299.5267,76956300
2022-04-28,292.5033,300.0,273.9,299.9933,124948500
2022-04-29,290.2533,311.4667,290.0,300.75,88133100
2022-05-02,300.98,302.12,282.6767,286.9233,75781500
2022-05-03,303.0833,308.0267,296.1967,301.06,63709500
2022-05-04,317.54,318.5,295.0933,301.3133,81643800
2022-05-05,291.0933,315.2,285.9,313.0067,92519100
2022-05-06,288.55,296.0,281.0367,295.6667,72903000
2022-05-09,262.37,281.8767,260.3833,278.8167,90810300
2022-05-10,266.68,275.12,258.0833,273.1033,84401700
2022-05-11,244.6667,269.9233,242.4,265.0,97224600
2022-05-12,242.6667,253.22,226.6667,233.6667,140313000
2022-05-13,256.53,262.45,250.5233,257.8267,92150700
2022-05-16,241.4567,256.5867,239.6967,255.72,86098500
2022-05-17,253.87,254.8267,242.95,249.12,80236200
2022-05-18,236.6033,253.5,233.6033,248.1733,87811800
2022-05-19,236.4733,244.6667,231.37,235.6667,90296700
2022-05-20,221.3,240.5267,211.0,237.9967,144973200
2022-05-23,224.9667,226.6533,212.6867,218.34,88903500
2022-05-24,209.3867,217.9733,206.8567,217.8433,89092500
2022-05-25,219.6,223.1067,207.67,207.95,92139300
2022-05-26,235.91,239.5567,217.8867,220.4733,106003200
2022-05-27,253.21,253.2667,240.1767,241.0833,89295000
2022-05-31,252.7533,259.6,244.7433,257.9467,101914500
2022-06-01,246.79,257.3267,243.64,251.72,77247900
2022-06-02,258.3333,264.21,242.0667,244.1567,93473100
2022-06-03,234.5167,247.7967,233.4167,243.2267,112393800
2022-06-06,238.28,244.8667,234.35,244.3533,84204600
2022-06-07,238.8867,239.9967,230.0933,234.0,72808500
2022-06-08,241.8667,249.9633,239.1767,240.0867,76210500
2022-06-09,239.7067,255.5467,239.3267,249.34,96491400
2022-06-10,232.23,239.5,227.9133,235.1567,97536600
2022-06-13,215.7367,226.6333,214.6833,223.1667,102767400
2022-06-14,220.89,226.33,211.7367,218.2867,97988700
2022-06-15,233.0,235.6633,218.15,220.9167,119131800
2022-06-16,213.1,225.1667,208.6933,222.7367,107390700
2022-06-17,216.76,220.97,213.1967,213.4333,92641800
2022-06-21,237.0367,243.5767,224.3333,224.6033,122793000
2022-06-22,236.0867,246.8333,233.8267,234.5033,101107500
2022-06-23,235.07,239.3167,228.6367,237.9067,104202600
2022-06-24,245.7067,246.0667,236.0867,237.47,95770800
2022-06-27,244.92,252.07,242.5667,249.3667,89178300
2022-06-28,232.6633,249.97,232.3433,244.4833,90391200
2022-06-29,228.49,231.1733,222.2733,230.5,82897200
2022-06-30,224.4733,229.4567,218.8633,224.51,94600500
2022-07-01,227.2633,230.23,222.12,227.0,74460300
2022-07-05,233.0667,233.1467,216.1667,223.0,84581100
2022-07-06,231.7333,234.5633,227.1867,230.78,71853600
2022-07-07,244.5433,245.3633,232.21,233.92,81930600
2022-07-08,250.7633,254.98,241.16,242.3333,101854200
2022-07-11,234.3433,253.0633,233.6267,252.1033,99241200
2022-07-12,233.07,239.7733,228.37,236.8467,87930900
2022-07-13,237.04,242.06,225.0333,225.5,97954500
2022-07-14,238.3133,238.6533,229.3333,234.8967,78557400
2022-07-15,240.0667,243.6233,236.89,240.0,69683100
2022-07-18,240.5467,250.5167,239.6033,244.9367,82537500
2022-07-19,245.53,247.14,236.9767,245.0,80890200
2022-07-20,247.5,250.6633,243.4833,246.7833,88864200
2022-07-21,271.7067,273.2667,254.8667,255.1067,142032300
2022-07-22,272.2433,280.7867,270.7133,276.22,103472700
2022-07-25,268.4333,274.1467,267.4,272.2167,64073400
2022-07-26,258.86,267.31,256.2633,266.5133,66820800
2022-07-27,274.82,275.9267,261.79,263.81,88110000
2022-07-28,280.9,283.3,272.8,280.0667,84723000
2022-07-29,297.15,298.32,279.1,280.7,95313000
2022-08-01,297.2767,311.8767,295.0,301.2767,117042900
2022-08-02,300.5867,307.8333,292.6667,294.0033,95577600
2022-08-03,307.3967,309.55,301.15,305.0,80091000
2022-08-04,308.6333,313.6067,305.0,311.0,72256200
2022-08-05,288.17,304.6067,285.5433,302.67,113172900
2022-08-08,290.4233,305.2,289.0867,295.0,98994000
2022-08-09,283.3333,292.3967,279.3533,290.2933,86244600
2022-08-10,294.3567,297.51,283.37,297.0667,94918800
2022-08-11,286.63,298.2367,285.8333,296.5133,70155000
2022-08-12,300.03,300.16,285.0333,289.4167,79657200
2022-08-15,309.32,313.1333,301.23,301.7867,89359200
2022-08-16,306.5633,314.6667,302.8833,311.6667,88136400
2022-08-17,303.9967,309.6567,300.0333,303.3967,68766000
2022-08-18,302.87,306.5,301.8533,306.0,47500500
2022-08-19,296.6667,300.36,292.5,299.0,61395300
2022-08-22,289.9133,292.4,286.2967,291.9133,55843200
2022-08-23,296.4533,298.8267,287.9233,291.4533,63984900
2022-08-24,297.0967,303.6467,296.5,297.5633,57259800
2022-08-25,296.07,302.96,291.6,302.36,53230000
2022-08-26,288.09,302.0,287.47,297.43,57163900
2022-08-29,284.82,287.74,280.7,282.83,41864700
2022-08-30,277.7,288.48,272.65,287.87,50541800
2022-08-31,275.61,281.25,271.81,280.62,52107300
2022-09-01,277.16,277.58,266.15,272.58,54287000
2022-09-02,270.21,282.35,269.08,281.07,50890100
2022-09-06,274.42,275.99,265.74,272.68,55860000
2022-09-07,283.7,283.84,272.27,273.1,50028900
2022-09-08,289.26,289.5,279.76,281.3,53713100
2022-09-09,299.68,299.85,291.25,291.67,54338100
2022-09-12,304.42,305.49,300.4,300.72,48674600
2022-09-13,292.13,297.4,290.4,292.9,68229600
2022-09-14,302.61,306.0,291.64,292.24,72628700
2022-09-15,303.75,309.12,300.72,301.83,64795500
2022-09-16,303.35,303.71,295.6,299.61,87087800
2022-09-19,309.07,309.84,297.8,300.09,60231200
2022-09-20,308.73,313.33,305.58,306.91,61642800
2022-09-21,300.8,313.8,300.63,308.29,62555700
2022-09-22,288.59,301.29,285.82,299.86,70545400
2022-09-23,275.33,284.5,272.82,283.09,63748400
2022-09-26,276.01,284.09,270.31,271.83,58076900
2022-09-27,282.94,288.67,277.51,283.84,61925200
2022-09-28,287.81,289.0,277.57,283.08,54664800
2022-09-29,268.21,283.65,265.78,282.76,77620600
2022-09-30,265.25,275.57,262.47,266.15,67726600
2022-10-03,242.4,255.16,241.01,254.5,98363500
2022-10-04,249.44,257.5,242.01,250.52,109578500
2022-10-05,240.81,246.67,233.27,245.01,86982700
2022-10-06,238.13,244.58,235.35,239.44,69298400
2022-10-07,223.07,234.57,222.02,233.94,83916800
2022-10-10,222.96,226.99,218.36,223.93,67925000
2022-10-11,216.5,225.75,215.0,220.95,77013200
2022-10-12,217.24,219.3,211.51,215.33,66860700
2022-10-13,221.72,222.99,206.22,208.3,91483000
2022-10-14,204.99,226.26,204.16,224.01,94124500
2022-10-17,219.35,221.86,209.45,210.04,79428800
2022-10-18,220.19,229.82,217.25,229.5,75891900
2022-10-19,222.04,222.93,217.78,219.8,66571500
2022-10-20,207.28,215.55,202.0,208.28,117798100
2022-10-21,214.44,214.66,203.8,206.42,75713800
2022-10-24,211.25,213.5,198.59,205.82,100446800
2022-10-25,222.42,224.35,210.0,210.1,96507900
2022-10-26,224.64,230.6,218.2,219.4,85012500
2022-10-27,225.09,233.81,222.85,229.77,61638800
2022-10-28,228.52,228.86,216.35,225.4,69152400
2022-10-31,227.54,229.85,221.94,226.19,61554300
2022-11-01,227.82,237.4,227.28,234.05,62688800
2022-11-02,214.98,227.87,214.82,226.04,63070300
2022-11-03,215.31,221.2,210.14,211.36,56538800
2022-11-04,207.47,223.8,203.08,222.6,98622200
2022-11-07,197.08,208.9,196.66,208.65,93916500
2022-11-08,191.3,195.2,186.75,194.02,128803400
2022-11-09,177.59,195.89,177.12,190.78,127062700
2022-11-10,190.72,191.0,180.03,189.9,132703000
2022-11-11,195.97,196.52,182.59,186.0,114403600
2022-11-14,190.95,195.73,186.34,192.77,92226600
2022-11-15,194.42,200.82,192.06,195.88,91293800
2022-11-16,186.92,192.57,185.66,191.51,66567600
2022-11-17,183.17,186.16,180.9,183.96,64336000
2022-11-18,180.19,185.19,176.55,185.05,76048900
2022-11-21,167.87,176.77,167.54,175.85,92882700
2022-11-22,169.91,170.92,166.19,168.63,78452300
2022-11-23,183.2,183.62,172.5,173.57,109536700
2022-11-25,182.86,185.2,180.63,185.06,50672700
2022-11-28,182.92,188.5,179.0,179.96,92905200
2022-11-29,180.83,186.38,178.75,184.99,83357100
2022-11-30,194.7,194.76,180.63,182.43,109186400
2022-12-01,194.7,198.92,191.8,197.08,80046200
2022-12-02,194.86,196.25,191.11,191.78,73645900
2022-12-05,182.45,191.27,180.55,189.44,93122700
2022-12-06,179.82,183.65,175.33,181.22,92150800
2022-12-07,174.04,179.38,172.22,175.03,84213300
2022-12-08,173.44,175.2,169.06,172.2,97624500
2022-12-09,179.05,182.5,173.36,173.84,104872300
2022-12-12,167.82,177.37,167.52,176.1,109794500
2022-12-13,160.95,175.05,156.91,174.87,175862700
2022-12-14,156.8,161.62,155.31,159.25,140682300
2022-12-15,157.67,160.93,153.28,153.44,122334500
2022-12-16,150.23,160.99,150.04,159.64,139032200
2022-12-19,149.87,155.25,145.82,154.0,139390600
2022-12-20,137.8,148.47,137.66,146.05,159563300
2022-12-21,137.57,141.26,135.89,139.34,145417400
2022-12-22,125.35,136.63,122.26,136.0,210090300
2022-12-23,123.15,128.62,121.02,126.37,166989700
2022-12-27,109.1,119.67,108.76,117.5,208643400
2022-12-28,112.71,116.27,108.24,110.35,221070500
2022-12-29,121.82,123.57,117.5,120.39,221923300
2022-12-30,123.18,124.48,119.75,119.95,157777300
2023-01-03,108.1,118.8,104.64,118.47,231402800
2023-01-04,113.64,114.59,107.52,109.11,180389000
2023-01-05,110.34,111.75,107.16,110.51,157986300
2023-01-06,113.06,114.39,101.81,103.0,220911100
2023-01-09,119.77,123.52,117.11,118.96,190284000
2023-01-10,118.85,122.76,114.92,121.07,167642500
2023-01-11,123.22,125.95,120.51,122.09,183810800
2023-01-12,123.56,124.13,117.0,122.56,169400900
2023-01-13,122.4,122.63,115.6,116.55,180714100
2023-01-17,131.49,131.7,125.02,125.7,186477000
2023-01-18,128.78,136.68,127.01,136.56,195680300
2023-01-19,127.17,129.99,124.31,127.26,170291900
2023-01-20,133.42,133.51,127.35,128.68,138858100
2023-01-23,143.75,145.38,134.27,135.87,203119200
2023-01-24,143.89,146.5,141.1,143.0,158699100
2023-01-25,144.43,146.41,138.07,141.91,192734300
2023-01-26,160.27,161.42,154.76,159.97,234815100
2023-01-27,177.9,180.68,161.17,162.43,306590600
2023-01-30,166.66,179.77,166.5,178.05,230878800
2023-01-31,173.22,174.3,162.78,164.57,196813500
2023-02-01,181.41,183.81,169.93,173.89,213806300
2023-02-02,188.27,196.75,182.61,187.33,217448300
2023-02-03,189.98,199.0,183.69,183.95,232662000
2023-02-06,194.76,198.17,189.92,193.01,186188100
2023-02-07,196.81,197.5,189.55,196.43,186010300
2023-02-08,201.29,203.0,194.31,196.1,180673600
2023-02-09,207.32,214.0,204.77,207.78,215431400
2023-02-10,196.89,206.2,192.89,202.23,204754100
2023-02-13,194.64,196.3,187.61,194.42,172475500
2023-02-14,209.25,209.82,189.44,191.94,216455700
2023-02-15,214.24,214.66,206.11,211.76,181006400
2023-02-16,202.04,217.65,201.84,210.78,229586500
2023-02-17,208.31,208.44,197.5,199.99,213738500
2023-02-21,197.37,209.71,197.22,204.99,180018600
2023-02-22,200.86,201.99,191.78,197.93,191828500
2023-02-23,202.07,205.14,196.33,203.91,146360000
2023-02-24,196.88,197.67,192.8,196.33,142228100
2023-02-27,207.63,209.42,201.26,202.03,161028300
2023-02-28,205.71,211.23,203.75,210.59,153144900
2023-03-01,202.77,207.2,198.52,206.21,156852800
2023-03-02,190.9,193.75,186.01,186.74,181500700
2023-03-03,197.79,200.48,192.88,194.8,154193300
2023-03-06,193.81,198.6,192.3,198.54,128100100
2023-03-07,187.71,194.2,186.1,191.38,148125800
2023-03-08,182.0,186.5,180.0,185.04,151897800
2023-03-09,172.92,185.18,172.51,180.25,170023800
2023-03-10,173.44,178.29,168.44,175.13,191488900
2023-03-13,174.48,177.35,163.91,167.46,167790300
2023-03-14,183.26,183.8,177.14,177.31,143717900
2023-03-15,180.45,182.34,176.03,180.8,145995600
2023-03-16,184.13,185.81,178.84,180.37,121136800
2023-03-17,180.13,186.22,177.33,184.52,133197100
2023-03-20,183.25,186.44,176.35,178.08,129684400
2023-03-21,197.58,198.0,188.04,188.28,153391400
2023-03-22,191.15,200.66,190.95,199.3,150376400
2023-03-23,192.22,199.31,188.65,195.26,144193900
2023-03-24,190.41,192.36,187.15,191.65,116312400
2023-03-27,191.81,197.39,189.94,194.42,120851600
2023-03-28,189.19,192.35,185.43,192.0,98654600
2023-03-29,193.88,195.29,189.44,193.13,123660000
2023-03-30,195.28,197.33,194.42,195.58,110252200
2023-03-31,207.46,207.79,197.2,197.53,170222100
2023-04-03,194.77,202.69,192.2,199.91,169545900
2023-04-04,192.58,198.74,190.32,197.32,126463800
2023-04-05,185.52,190.68,183.76,190.52,133882500
2023-04-06,185.06,186.39,179.74,183.08,123857900
2023-04-10,184.51,185.1,176.11,179.94,142154600
2023-04-11,186.79,189.19,185.65,186.69,115770900
2023-04-12,180.54,191.58,180.31,190.74,150256300
2023-04-13,185.9,186.5,180.94,182.96,112933000
2023-04-14,185.0,186.28,182.01,183.95,96438700
2023-04-17,187.04,189.69,182.69,186.32,116662200
2023-04-18,184.31,187.69,183.58,187.15,92067000
2023-04-19,180.59,183.5,177.65,179.1,125732700
2023-04-20,162.99,169.7,160.56,166.17,210970800
2023-04-21,165.08,166.0,161.32,164.8,123539000
2023-04-24,162.55,165.65,158.61,164.65,140006600
2023-04-25,160.67,163.47,158.75,159.82,121999300
2023-04-26,153.75,160.67,153.14,160.29,153364100
2023-04-27,160.19,160.48,152.37,152.64,127015200
2023-04-28,164.31,165.0,157.32,160.9,122515800
2023-05-01,161.83,163.28,158.83,163.17,109015000
2023-05-02,160.31,165.49,158.93,161.88,128259700
2023-05-03,160.61,165.0,159.91,160.01,119728000
2023-05-04,161.2,162.95,159.65,162.71,95108500
2023-05-05,170.06,170.79,163.51,163.97,107607300
2023-05-08,171.79,173.8,169.19,173.72,112249400
2023-05-09,169.15,169.82,166.56,168.95,88965000
2023-05-10,168.54,174.43,166.68,172.55,119840700
2023-05-11,172.08,173.57,166.79,168.7,103889900
2023-05-12,167.98,177.38,167.23,176.07,157849600
2023-05-15,166.35,169.76,164.55,167.66,105592500
2023-05-16,166.52,169.52,164.35,165.65,98288800
2023-05-17,173.86,174.5,167.19,168.41,125473600
2023-05-18,176.89,177.06,172.45,174.22,109520300
2023-05-19,180.14,181.95,176.31,177.17,136196700
2023-05-22,188.87,189.32,180.11,180.7,132001400
2023-05-23,185.77,192.96,185.26,186.2,156952100
2023-05-24,182.9,184.22,178.22,182.23,137605100
2023-05-25,184.47,186.78,180.58,186.54,96870700
2023-05-26,193.17,198.6,184.53,184.62,162061500
2023-05-30,201.16,204.48,197.53,200.1,128818700
2023-05-31,203.93,203.95,195.12,199.78,150711700
2023-06-01,207.52,209.8,199.37,202.59,148029900
2023-06-02,213.97,217.25,209.75,210.15,164398400
2023-06-05,217.61,221.29,214.52,217.8,151143100
2023-06-06,221.31,221.91,212.53,216.14,146911600
2023-06-07,224.57,230.83,223.2,228.0,185710800
2023-06-08,234.86,235.23,223.01,224.22,164489700
2023-06-09,244.4,252.42,242.02,249.07,200242400
2023-06-12,249.83,250.97,244.59,247.94,150337900
2023-06-13,258.71,259.68,251.34,253.51,162384300
2023-06-14,256.79,261.57,250.5,260.17,170575500
2023-06-15,255.9,258.95,247.29,248.4,160171200
2023-06-16,260.54,263.6,257.21,258.92,167915600
2023-06-20,274.45,274.75,261.12,261.5,165611200
2023-06-21,259.46,276.99,257.78,275.13,211797100
2023-06-22,264.61,265.0,248.25,250.77,166875900
2023-06-23,256.6,262.45,252.8,259.29,177460800
2023-06-26,241.05,258.37,240.7,250.07,179990600
2023-06-27,250.21,250.39,240.85,243.24,164968200
2023-06-28,256.24,259.88,248.89,249.7,159770800
2023-06-29,257.5,260.74,253.61,258.03,131283400
2023-06-30,261.77,264.45,259.89,260.6,112620800
2023-07-03,279.82,284.25,275.11,276.49,119685900
2023-07-05,282.48,283.85,277.6,278.82,131530900
2023-07-06,276.54,279.97,272.88,278.09,120332100
2023-07-07,274.43,280.78,273.77,278.43,113879200
2023-07-10,269.61,277.52,265.1,276.47,119425400
2023-07-11,269.79,270.9,266.37,268.65,91972400
2023-07-12,271.99,276.52,271.46,276.33,95672100
2023-07-13,277.9,279.45,270.6,274.59,112681500
2023-07-14,281.38,285.3,276.31,277.01,120062400
2023-07-17,290.38,292.23,283.57,286.63,131569600
2023-07-18,293.34,295.26,286.01,290.15,112120300
2023-07-19,291.26,299.29,289.52,296.04,142355400
2023-07-20,262.9,280.93,261.2,279.56,175158300
2023-07-21,260.02,268.0,255.8,268.0,161796100
2023-07-24,269.06,269.85,254.12,255.85,136508500
2023-07-25,265.28,272.9,265.0,272.38,112757300
2023-07-26,264.35,268.04,261.75,263.25,95856200
2023-07-27,255.71,269.13,255.3,268.31,103697300
2023-07-28,266.44,267.25,258.23,259.86,111446000
2023-07-31,267.43,269.08,263.78,267.48,84582200
2023-08-01,261.07,266.47,260.25,266.26,83166000
2023-08-02,254.11,259.52,250.49,255.57,101752900
2023-08-03,259.32,260.49,252.0,252.04,97569100
2023-08-04,253.86,264.77,253.11,260.97,99539900
2023-08-07,251.45,253.65,242.76,251.45,111097900
2023-08-08,249.7,250.92,245.01,247.45,96642200
2023-08-09,242.19,251.1,241.9,250.87,101596300
2023-08-10,245.34,251.8,243.0,245.4,109498600
2023-08-11,242.65,243.79,238.02,241.77,99038600
2023-08-14,239.76,240.66,233.75,235.7,98595300
2023-08-15,232.96,240.5,232.61,238.73,88197600
2023-08-16,225.6,233.97,225.38,228.02,112484500
2023-08-17,219.22,226.74,218.83,226.06,120718400
2023-08-18,215.49,217.58,212.36,214.12,136276600
2023-08-21,231.28,232.13,220.58,221.55,135702700
2023-08-22,233.19,240.82,229.55,240.25,130442800
2023-08-23,236.86,238.98,229.29,229.34,101077600
2023-08-24,230.04,238.92,228.18,238.66,99777400
2023-08-25,238.59,239.0,230.35,231.31,106612200
2023-08-28,238.82,244.38,235.35,242.58,107673700
2023-08-29,257.18,257.48,237.77,238.58,134047600
2023-08-30,256.9,260.51,250.59,254.2,121988400
2023-08-31,258.08,261.18,255.05,255.98,108861700
2023-09-01,245.01,259.08,242.01,257.26,132541600
2023-09-05,256.49,258.0,244.86,245.0,129469600
2023-09-06,251.92,255.39,245.06,255.14,116959800
2023-09-07,251.49,252.81,243.27,245.07,115312900
2023-09-08,248.5,256.52,246.67,251.22,118367700
2023-09-11,273.58,274.85,260.61,264.27,174667900
2023-09-12,267.48,278.39,266.6,270.76,135999900
2023-09-13,271.3,274.98,268.1,270.07,111673700
2023-09-14,276.04,276.71,270.42,271.32,107709800
2023-09-15,274.39,278.98,271.0,277.55,133692300
2023-09-18,265.28,271.44,263.76,271.16,101543300
2023-09-19,266.5,267.85,261.2,264.35,103704000
2023-09-20,262.59,273.93,262.46,267.04,122514600
2023-09-21,255.7,260.86,254.21,257.85,119951500
2023-09-22,244.88,257.79,244.48,257.4,127524100
2023-09-25,246.99,247.1,238.31,243.38,104636600
2023-09-26,244.12,249.55,241.66,242.98,101993600
2023-09-27,240.5,245.33,234.58,244.26,136597200
2023-09-28,246.38,247.55,238.65,240.02,117058900
2023-09-29,250.22,254.77,246.35,250.0,128522700
2023-10-02,251.6,254.28,242.62,244.81,123810400
2023-10-03,246.53,250.02,244.45,248.61,101985300
2023-10-04,261.16,261.86,247.6,248.14,129721600
2023-10-05,260.05,263.6,256.25,260.0,119159200
2023-10-06,260.53,261.65,250.65,253.98,118121800
2023-10-09,259.67,261.36,252.05,255.31,101377900
2023-10-10,263.62,268.94,257.65,257.75,122656000
2023-10-11,262.99,268.6,260.9,266.2,103706300
2023-10-12,258.87,265.41,256.63,262.92,111508100
2023-10-13,251.12,259.6,250.22,258.9,102073800
2023-10-16,253.92,255.4,248.48,250.05,88917200
2023-10-17,254.85,257.18,247.08,250.1,93562900
2023-10-18,242.68,254.63,242.08,252.7,125147800
2023-10-19,220.11,230.61,216.78,225.95,170772700
2023-10-20,211.99,218.86,210.42,217.01,138010100
2023-10-23,212.08,216.98,202.51,210.0,150683400
2023-10-24,216.52,222.05,214.11,216.5,118231100
2023-10-25,212.42,220.1,212.2,215.88,107065100
2023-10-26,205.76,214.8,204.88,211.32,115112600
2023-10-27,207.3,212.41,205.77,210.6,94881200
2023-10-30,197.36,210.88,194.67,209.28,136448200
2023-10-31,200.84,202.8,194.07,196.12,118068300
2023-11-01,205.66,205.99,197.85,204.04,121661700
2023-11-02,218.51,219.2,211.45,212.97,125987600
2023-11-03,219.96,226.37,218.4,221.15,119534800
2023-11-06,219.27,226.32,215.0,223.98,117335800
2023-11-07,222.18,223.12,215.72,219.98,116900100
2023-11-08,222.11,224.15,217.64,223.15,106584800
2023-11-09,209.98,220.8,206.68,219.75,142110500
2023-11-10,214.65,215.38,205.69,210.03,130994000
2023-11-13,223.71,225.4,211.61,215.6,140447600
2023-11-14,237.41,238.14,230.72,235.03,149771600
2023-11-15,242.84,246.7,236.45,239.29,150354000
2023-11-16,233.59,240.88,230.96,239.49,136816800
2023-11-17,234.3,237.39,226.54,232.0,142532800
2023-11-20,235.6,237.1,231.02,234.04,116320100
2023-11-21,241.2,243.62,233.34,235.04,122288000
2023-11-22,234.21,244.01,231.4,242.04,117950600
2023-11-24,235.45,238.75,232.33,233.75,65125200
2023-11-27,236.08,238.33,232.1,236.89,112031800
2023-11-28,246.72,247.0,234.01,236.68,148549900
2023-11-29,244.14,252.75,242.76,249.21,135401300
2023-11-30,240.08,245.22,236.91,245.14,132353200
2023-12-01,238.83,240.19,231.9,233.14,121331700
2023-12-04,235.58,239.37,233.29,235.75,104099800
2023-12-05,238.72,246.66,233.7,233.87,137971100
2023-12-06,239.37,246.57,239.17,242.92,126436200
2023-12-07,242.64,244.08,236.98,241.55,107142300
2023-12-08,243.84,245.27,239.27,240.27,103126800
2023-12-11,239.74,243.44,237.45,242.74,97913900
2023-12-12,237.01,238.99,233.87,238.55,95328300
2023-12-13,239.29,240.3,228.2,234.19,146286300
2023-12-14,251.05,253.88,240.79,241.22,160829200
2023-12-15,253.5,254.13,248.3,251.21,135932800
2023-12-18,252.08,258.74,251.36,253.78,116416500
2023-12-19,257.22,258.34,253.01,253.48,106737400
2023-12-20,247.14,259.84,247.0,256.41,125097000
2023-12-21,254.5,254.8,248.55,251.9,109594200
2023-12-22,252.54,258.22,251.37,256.76,93370100
2023-12-26,256.61,257.97,252.91,254.49,86892400
2023-12-27,261.44,263.34,257.52,258.35,106494400
2023-12-28,253.18,265.13,252.71,263.66,113619900
2023-12-29,248.48,255.19,247.43,255.1,100891600
2024-01-02,248.42,251.25,244.41,250.08,104654200
2024-01-03,238.45,245.68,236.32,244.98,121082600
2024-01-04,237.93,242.7,237.73,239.25,102629300
2024-01-05,237.49,240.12,234.9,236.86,92488900
2024-01-08,240.45,241.25,235.3,236.14,85166600
2024-01-09,234.96,238.96,232.04,238.11,96705700
2024-01-10,233.94,235.5,231.29,235.1,91628500
2024-01-11,227.22,230.93,225.37,230.57,105873600
2024-01-12,218.89,225.34,217.15,220.08,123043800
2024-01-16,219.91,223.49,212.18,215.1,115355000
2024-01-17,215.55,215.67,212.01,214.86,103164400
2024-01-18,211.88,217.45,208.74,216.88,108595400
2024-01-19,212.19,213.19,207.56,209.99,102260300
2024-01-22,208.8,217.8,206.27,212.26,117952500
2024-01-23,209.14,215.65,207.75,211.3,106605900
2024-01-24,207.83,212.73,206.77,211.88,123369900
2024-01-25,182.63,193.0,180.06,189.7,198076800
2024-01-26,183.25,186.78,182.1,185.5,107343200
2024-01-29,190.93,191.48,183.67,185.63,125013100
2024-01-30,191.59,196.36,190.61,195.33,109982300
2024-01-31,187.29,193.97,185.85,187.0,103221400
2024-02-01,188.86,189.88,184.28,188.5,91843300
2024-02-02,187.91,188.69,182.0,185.04,110612700
2024-02-05,181.06,184.68,175.01,184.26,134294400
2024-02-06,185.1,186.49,177.11,177.21,122676000
2024-02-07,187.58,189.79,182.68,188.18,111535200
2024-02-08,189.56,191.62,185.58,189.0,83034000
2024-02-09,193.57,194.12,189.48,190.18,84476300
2024-02-12,188.13,194.73,187.28,192.11,95498600
2024-02-13,184.02,187.26,182.11,183.99,86759500
2024-02-14,188.71,188.89,183.35,185.3,81203000
2024-02-15,200.45,200.88,188.86,189.16,120831800
2024-02-16,199.95,203.17,197.4,202.06,111346700
2024-02-20,193.76,198.6,189.13,196.13,104545800
2024-02-21,194.77,199.44,191.95,193.36,103500300
2024-02-22,197.41,198.32,191.36,194.0,92739500
2024-02-23,191.97,197.57,191.5,195.31,78841900
2024-02-26,199.4,201.78,192.0,192.29,111747100
2024-02-27,199.73,205.6,198.26,204.04,108645400
2024-02-28,202.04,205.3,198.44,200.42,99806200
2024-02-29,201.88,205.28,198.45,204.18,85907000
2024-03-01,202.64,204.52,198.5,200.52,82243100
2024-03-04,188.14,199.75,186.72,198.73,134334900
2024-03-05,180.74,184.59,177.57,183.05,119660800
2024-03-06,176.54,181.58,173.7,179.99,107920900
2024-03-07,178.65,180.04,173.7,174.35,102129000
2024-03-08,175.34,182.73,174.7,181.5,85544600
2024-03-11,177.77,182.87,174.8,175.45,85391500
2024-03-12,177.54,179.43,172.41,177.77,87391700
2024-03-13,169.48,176.05,169.15,173.05,106524500
2024-03-14,162.5,171.17,160.51,167.77,126325700
2024-03-15,163.57,165.18,160.76,163.16,97146800
2024-03-18,173.8,174.72,165.9,170.02,108214400
2024-03-19,171.32,172.82,167.42,172.36,77271400
2024-03-20,175.66,176.25,170.82,173.0,83846700
2024-03-21,172.82,178.18,171.8,176.39,73178000
2024-03-22,170.83,171.2,166.3,166.69,75580600
2024-03-25,172.63,175.24,168.73,168.76,74228600
2024-03-26,177.67,184.25,177.38,178.58,113186200
2024-03-27,179.83,181.91,176.0,181.41,81804000
2024-03-28,175.79,179.57,175.3,177.45,77654800
2024-04-01,175.22,176.75,170.21,176.17,81562100
2024-04-02,166.63,167.69,163.43,164.75,116650600
2024-04-03,168.38,168.82,163.28,164.02,82950100
2024-04-04,171.11,177.19,168.01,170.07,123162000
2024-04-05,164.9,170.86,160.51,169.08,143157600
2024-04-08,172.98,174.5,167.79,169.34,104423300
2024-04-09,176.88,179.22,171.92,172.91,102951700
2024-04-10,171.76,174.93,170.01,173.04,84532400
2024-04-11,174.6,175.88,168.51,172.55,94516000
2024-04-12,171.05,173.81,170.36,172.34,64722700
2024-04-15,161.48,170.69,161.38,170.24,100245300
2024-04-16,157.11,158.19,153.75,156.74,97000000
2024-04-17,155.45,158.33,153.78,157.64,82439700
2024-04-18,149.93,152.2,148.7,151.25,96098800
2024-04-19,147.05,150.94,146.22,148.97,87074500
2024-04-22,142.05,144.44,138.8,140.56,107097600
2024-04-23,144.68,147.26,141.11,143.33,124545100
2024-04-24,162.13,167.97,157.51,162.84,181178000
2024-04-25,170.18,170.88,158.36,158.96,126427500
2024-04-26,168.29,172.12,166.37,168.85,109815700
2024-04-29,194.05,198.87,184.54,188.42,243869700
2024-04-30,183.28,190.95,182.84,186.98,127031800
2024-05-01,179.99,185.86,179.01,182.0,92829700
2024-05-02,180.01,184.6,176.02,182.86,89148000
2024-05-03,181.19,184.78,178.42,182.1,75491500
2024-05-06,184.76,187.56,182.2,183.8,84390300
2024-05-07,177.81,183.26,177.4,182.4,75045900
2024-05-08,174.72,176.06,170.15,171.59,79969500
2024-05-09,171.97,175.62,171.37,175.01,65950300
2024-05-10,168.47,173.06,167.75,173.05,72627200
2024-05-13,171.89,175.4,169.0,170.0,67018900
2024-05-14,177.55,179.49,174.07,174.5,86407400
2024-05-15,173.99,180.0,173.11,179.9,79663000
2024-05-16,174.84,175.79,171.43,174.1,59812200
2024-05-17,177.46,179.63,172.75,173.55,77445800
2024-05-20,174.95,177.75,173.52,177.56,61727400
2024-05-21,186.6,186.88,174.71,175.51,115266500
2024-05-22,180.11,183.8,178.12,182.85,88313500
2024-05-23,173.74,181.9,173.26,181.8,71975500
2024-05-24,179.24,180.08,173.73,174.84,65584500
2024-05-28,176.75,178.25,173.16,176.4,59736600
2024-05-29,176.19,178.15,173.93,174.19,54782600
2024-05-30,178.79,182.67,175.38,178.58,77618400
2024-05-31,178.08,180.32,173.82,178.5,67314600
2024-06-03,176.29,182.64,174.49,178.13,68568900
2024-06-04,174.77,177.76,174.0,174.78,60056300
2024-06-05,175.0,176.15,172.13,175.35,57953800
2024-06-06,177.94,179.73,172.73,174.6,69887000
2024-06-07,177.48,179.35,175.58,176.13,56244900
2024-06-10,173.79,178.57,173.17,176.06,50774600
2024-06-11,170.66,174.75,167.41,173.92,64761900
2024-06-12,177.29,180.55,169.8,171.12,90389400
2024-06-13,182.47,191.08,181.23,188.39,118984100
2024-06-14,178.01,186.0,176.92,185.8,82038200
2024-06-17,187.44,188.81,177.0,177.92,109786100
2024-06-18,184.86,187.2,182.37,186.56,68982300
2024-06-20,181.57,185.21,179.66,184.68,55893100
2024-06-21,183.01,183.95,180.69,182.3,61937300
2024-06-24,182.58,188.8,182.55,184.97,61992100
2024-06-25,187.35,187.97,182.01,184.4,62905700
2024-06-26,196.37,197.76,186.36,186.54,95737100
2024-06-27,197.42,198.72,194.05,195.17,72746500
2024-06-28,197.88,203.2,195.26,199.55,95438100
2024-07-01,209.86,213.23,200.85,201.02,135691400
2024-07-02,231.26,231.3,218.06,218.89,205047900
2024-07-03,246.39,248.35,234.25,234.56,166561500
2024-07-05,251.52,252.37,242.46,249.81,154501200
2024-07-08,252.94,259.44,244.57,247.71,157219600
2024-07-09,262.33,265.61,250.3,251.0,160210900
2024-07-10,263.26,267.59,257.86,262.8,128519400
2024-07-11,241.03,271.0,239.65,263.3,221707300
2024-07-12,248.23,251.84,233.09,235.8,155955800
2024-07-15,252.64,265.6,251.73,255.97,146912900
2024-07-16,256.56,258.62,245.8,255.31,126332500
2024-07-17,248.5,258.47,246.18,252.73,115584800
2024-07-18,249.23,257.14,247.2,251.09,110869000
2024-07-19,239.2,249.44,236.83,247.79,87403900
2024-07-22,251.51,253.21,243.75,244.21,101225400
2024-07-23,246.38,255.76,245.63,253.6,111928200
2024-07-24,215.99,225.99,214.71,225.42,167942900
2024-07-25,220.25,226.0,216.23,216.8,100636500
2024-07-26,219.8,222.28,215.33,221.19,94604100
2024-07-29,232.1,234.27,224.7,224.9,129201800
2024-07-30,222.62,232.41,220.0,232.25,100560300
2024-07-31,232.07,234.68,226.79,227.9,67497000
2024-08-01,216.86,231.87,214.33,227.69,83861900
2024-08-02,207.67,216.13,205.78,214.88,82880100
2024-08-05,198.88,203.88,182.0,185.22,100308800
2024-08-06,200.64,202.9,192.67,200.75,73783900
2024-08-07,191.76,203.49,191.48,200.77,71159800
2024-08-08,198.84,200.7,192.04,195.7,65033900
2024-08-09,200.0,200.88,195.11,197.05,58648300
2024-08-12,197.49,199.26,194.67,199.02,64044900
2024-08-13,207.83,208.49,197.06,198.47,76247400
2024-08-14,201.38,208.44,198.75,207.39,70250000
2024-08-15,214.14,215.88,204.82,205.02,89848500
2024-08-16,216.12,219.8,210.8,211.15,88765100
2024-08-19,222.72,222.98,214.09,217.07,76435200
2024-08-20,221.1,228.22,219.56,224.88,74001200
2024-08-21,223.27,224.66,218.86,222.67,70146000
2024-08-22,210.66,224.8,210.32,223.82,79514500
2024-08-23,220.32,221.48,214.21,214.46,81525200
2024-08-26,213.21,219.09,211.01,218.75,59301200
2024-08-27,209.21,215.66,206.94,213.25,62821400
2024-08-28,205.75,211.84,202.59,209.72,64116400
2024-08-29,206.28,214.89,205.97,209.8,62308800
2024-08-30,214.11,214.57,207.03,208.63,63370600
2024-09-03,210.6,219.9,209.64,215.26,76714200
2024-09-04,219.41,222.22,210.57,210.59,80651800
2024-09-05,230.17,235.0,222.25,223.49,119355000
2024-09-06,210.73,233.6,210.51,232.6,112177000
2024-09-09,216.27,219.87,213.67,216.2,67443500
2024-09-10,226.17,226.4,218.64,220.07,78891100
2024-09-11,228.13,228.47,216.8,224.55,83548600
2024-09-12,229.81,231.45,223.83,224.66,71894900
2024-09-13,230.29,232.67,226.32,228.0,59515100
2024-09-16,226.78,229.96,223.53,229.3,54323000
2024-09-17,227.87,234.57,226.55,229.45,66761600
2024-09-18,227.2,235.68,226.88,230.09,78010200
2024-09-19,243.92,244.24,232.13,234.0,102694600
2024-09-20,238.25,243.99,235.92,241.52,99879100
2024-09-23,250.0,250.0,241.92,242.61,86927200
2024-09-24,254.27,257.19,249.05,254.08,88491000
2024-09-25,257.02,257.05,252.28,252.54,65034300
2024-09-26,254.22,261.75,251.53,260.6,67142200
2024-09-27,260.46,260.7,254.12,257.38,70988100
2024-09-30,261.63,264.86,255.77,259.04,80705700
2024-10-01,258.02,263.98,248.53,262.67,87397600
2024-10-02,249.02,251.16,241.5,247.55,93983900
2024-10-03,240.66,249.79,237.81,244.48,80729200
2024-10-04,250.08,250.96,244.58,246.69,86573200
2024-10-07,240.83,249.83,240.7,249.0,68113300
2024-10-08,244.5,246.21,240.56,243.56,56303200
2024-10-09,241.05,247.43,239.51,243.82,66289500
2024-10-10,238.77,242.79,232.34,241.81,83087100
2024-10-11,217.8,223.34,214.38,220.13,142628900
2024-10-14,219.16,221.91,213.74,220.13,86291900
2024-10-15,219.57,224.26,217.12,220.01,62988800
2024-10-16,221.33,222.82,218.93,221.4,49632800
2024-10-17,220.89,222.08,217.9,221.59,50791800
2024-10-18,220.7,222.28,219.23,220.71,49611900
2024-10-21,218.85,220.48,215.73,218.9,47329000
2024-10-22,217.97,218.22,215.26,217.31,43268700
2024-10-23,213.65,218.72,212.11,217.13,80938900
2024-10-24,260.48,262.12,242.65,244.68,204491900
2024-10-25,269.19,269.49,255.32,256.01,161611900
2024-10-28,262.51,273.54,262.24,270.0,107653600
2024-10-29,259.52,264.98,255.51,264.51,80521800
2024-10-30,257.55,263.35,255.82,258.04,53993600
2024-10-31,249.85,259.75,249.25,257.99,66575300
2024-11-01,248.98,254.0,246.63,252.04,57544800
2024-11-04,242.84,248.9,238.88,244.56,68802400
2024-11-05,251.44,255.28,246.21,247.34,69282500
2024-11-06,288.53,289.59,275.62,284.67,165228700
2024-11-07,296.91,299.75,285.52,288.89,117309200
2024-11-08,321.22,328.71,297.66,299.14,204782800
2024-11-11,350.0,358.64,336.0,346.3,210521600
2024-11-12,328.49,345.84,323.31,342.74,155726000
2024-11-13,330.24,344.6,322.5,335.85,125405600
2024-11-14,311.18,329.98,310.37,327.69,120726100
2024-11-15,320.72,324.68,309.22,310.57,114440300
2024-11-18,338.74,348.55,330.01,340.73,126085600
2024-11-19,346.0,347.38,332.75,335.76,88852500
2024-11-20,342.03,346.6,334.3,345.0,66340700
2024-11-21,339.64,347.99,335.28,343.81,58011700
2024-11-22,352.56,361.53,337.7,341.09,89140700
2024-11-25,338.59,361.93,338.2,360.14,95890900
2024-11-26,338.23,346.96,335.66,341.0,62295900
2024-11-27,332.89,342.55,326.59,341.8,57896400
2024-11-29,345.16,345.45,334.65,336.08,37167600
2024-12-02,357.09,360.0,351.15,352.38,77986500
2024-12-03,351.42,355.69,348.2,351.8,58267200
2024-12-04,357.93,358.1,348.6,353.0,50810900
2024-12-05,369.49,375.43,359.5,359.87,81403600
2024-12-06,389.22,389.49,370.8,377.42,81455800
2024-12-09,389.79,404.8,378.01,397.61,96359200
2024-12-10,400.99,409.73,390.85,392.68,97563600
2024-12-11,424.77,424.88,402.38,409.7,104287600
2024-12-12,418.1,429.3,415.0,424.84,87752200
2024-12-13,436.23,436.3,415.71,420.0,89000200
2024-12-16,463.02,463.19,436.15,441.09,114083800
2024-12-17,479.86,483.99,457.51,475.9,131223000
2024-12-18,440.13,488.54,427.01,466.5,149340800
2024-12-19,436.17,456.36,420.02,451.88,118566100
2024-12-20,421.06,447.08,417.64,425.51,132216200
2024-12-23,430.6,434.51,415.41,431.0,72698100
2024-12-24,462.28,462.78,435.14,435.9,59551800
2024-12-26,454.13,465.33,451.02,465.16,76366400
2024-12-27,431.66,450.0,426.5,449.52,82666800
2024-12-30,417.41,427.0,415.75,419.4,64941000
2024-12-31,403.84,427.93,402.54,423.79,76825100
2025-01-02,379.28,392.73,373.04,390.1,109710700
2025-01-03,410.44,411.88,379.45,381.48,95423300
2025-01-06,411.05,426.43,401.7,423.2,85516500
2025-01-07,394.36,414.33,390.0,405.83,75699500
2025-01-08,394.94,402.5,387.4,392.95,73038800
2025-01-10,394.74,399.28,377.29,391.4,62287300
2025-01-13,403.31,403.79,380.07,383.21,67580500
2025-01-14,396.36,422.64,394.54,414.34,84565000
2025-01-15,428.22,429.8,405.66,409.9,81375500
2025-01-16,413.82,424.0,409.13,423.49,68335200
2025-01-17,426.5,439.74,419.75,421.5,94991400
2025-01-21,424.07,433.2,406.31,432.64,87320900
2025-01-22,415.11,428.0,414.59,416.81,60963300
2025-01-23,412.38,420.73,408.95,416.06,50690600
2025-01-24,406.58,418.88,405.78,414.45,56427100
2025-01-27,397.15,406.69,389.0,394.8,58125500
2025-01-28,398.09,400.59,386.5,396.91,48910700
2025-01-29,389.1,398.59,384.48,395.21,68033600
2025-01-30,400.28,412.5,384.41,410.78,98092900
2025-01-31,404.6,419.99,401.34,401.53,83283600
2025-02-03,383.68,389.17,374.36,386.68,93732100
2025-02-04,392.21,394.0,381.4,382.63,57072200
2025-02-05,378.17,388.39,375.53,387.51,57223300
2025-02-06,374.32,375.4,363.18,373.03,77918200
2025-02-07,361.62,380.55,360.34,370.19,70298300
2025-02-10,350.73,362.7,350.51,356.21,77514900
2025-02-11,328.5,349.37,325.1,345.8,118543400
2025-02-12,336.51,346.4,329.12,329.94,105382700
2025-02-13,355.94,358.69,342.85,345.0,89441500
2025-02-14,355.84,362.0,347.5,360.62,68277300
2025-02-18,354.11,359.1,350.02,355.01,51631700
2025-02-19,360.56,367.34,353.67,354.0,67094400
2025-02-20,354.4,362.3,348.0,361.51,45965400
2025-02-21,337.8,354.98,334.42,353.44,74058600
2025-02-24,330.53,342.4,324.7,338.14,76052300
2025-02-25,302.8,328.89,297.25,327.02,134228800
2025-02-26,290.8,309.0,288.04,303.71,100118300
2025-02-27,281.95,297.23,280.88,291.16,101748200
2025-02-28,292.98,293.88,273.6,279.5,115697000
2025-03-03,284.65,303.94,277.3,300.34,115551400
2025-03-04,272.04,284.35,261.84,270.93,126706600
2025-03-05,279.1,279.55,267.71,272.92,94042900
2025-03-06,263.45,272.65,260.02,272.06,98451600
2025-03-07,262.67,266.25,250.73,259.32,102369600
2025-03-10,222.15,253.37,220.0,252.54,189076900
2025-03-11,230.58,237.06,217.02,225.31,174896400
2025-03-12,248.09,251.84,241.1,247.22,142215700
2025-03-13,240.68,248.29,232.6,248.13,114813500
2025-03-14,249.98,251.58,240.73,247.31,100242300
2025-03-17,238.01,245.4,232.8,245.06,111900600
2025-03-18,225.31,230.1,222.28,228.16,111477600
2025-03-19,235.86,241.41,229.2,231.61,111993800
2025-03-20,236.26,238.0,230.05,233.35,99028300
2025-03-21,248.71,249.52,234.55,234.99,132728700
2025-03-24,278.39,278.64,256.33,258.08,169079900
2025-03-25,288.14,288.2,271.28,283.6,150361500
2025-03-26,272.06,284.9,266.51,282.66,153629800
2025-03-27,273.13,291.85,271.82,272.48,162572100
2025-03-28,263.55,276.1,260.57,275.58,123809400
2025-03-31,259.16,260.56,243.36,249.31,134008900
2025-04-01,268.46,277.45,259.25,263.8,146486900
2025-04-02,282.76,284.99,251.27,254.6,212787800
2025-04-03,267.28,276.3,261.51,265.29,136174300
2025-04-04,239.43,261.0,236.0,255.38,181229400
2025-04-07,233.29,252.0,214.25,223.78,183453800
2025-04-08,221.86,250.44,217.8,245.0,171603500
2025-04-09,272.2,274.69,223.88,224.69,219433400
2025-04-10,252.4,262.49,239.33,260.0,181722600
2025-04-11,252.31,257.74,241.36,251.84,128948100
2025-04-14,252.35,261.8,245.93,258.36,100135200
2025-04-15,254.11,258.75,247.54,249.91,79594300
2025-04-16,241.55,251.97,233.89,247.61,112378700
2025-04-17,241.37,244.34,237.68,243.47,83404800
2025-04-21,227.5,232.21,222.79,230.26,97768000
2025-04-22,237.97,242.79,229.85,230.96,120858500
2025-04-23,250.74,259.45,244.43,254.86,150381900
2025-04-24,259.51,259.54,249.2,250.5,94464200
2025-04-25,284.95,286.85,259.63,261.69,167560700
2025-04-28,285.88,294.86,272.42,288.98,151731800
2025-04-29,292.03,293.32,279.47,285.5,108906600
2025-04-30,282.16,284.45,270.78,279.9,128961100
2025-05-01,280.52,290.87,279.81,280.01,99659000
2025-05-02,287.21,294.78,279.81,284.9,114454700
2025-05-05,280.26,284.85,274.4,284.57,94618900
2025-05-06,275.35,277.73,271.35,273.11,76715800
2025-05-07,276.22,277.92,271.0,276.88,71592600
2025-05-08,284.82,289.8,279.41,279.63,97539400
2025-05-09,298.26,307.04,290.0,290.21,132387800
2025-05-12,318.38,322.21,311.5,321.99,112826700
2025-05-13,334.07,337.59,316.8,320.0,136992600
2025-05-14,347.68,350.0,337.0,342.5,136997300
2025-05-15,342.82,346.14,334.72,340.34,97882600
2025-05-16,349.98,351.62,342.33,346.24,95895700
2025-05-19,342.09,343.0,333.37,336.3,88869900
2025-05-20,343.82,354.99,341.63,347.87,131715500
2025-05-21,334.62,347.35,332.2,344.43,102354800
2025-05-22,341.04,347.27,331.39,331.9,97113400
2025-05-23,339.34,343.18,333.21,337.92,84654800
2025-05-27,362.89,363.79,347.32,347.35,120146400
2025-05-28,356.9,365.0,355.91,364.84,91404300
2025-05-29,358.43,367.71,356.0,365.29,88087800
2025-05-30,346.46,363.68,345.29,355.52,123474900
2025-06-02,342.69,348.02,333.33,343.5,81873800
2025-06-03,344.27,355.4,343.04,346.6,99324500
2025-06-04,332.05,345.6,327.33,345.1,98912100
2025-06-05,284.7,324.55,273.21,322.49,287499800
2025-06-06,295.14,305.5,291.14,298.83,164747700
2025-06-09,308.58,309.83,281.85,285.96,140908900
2025-06-10,326.09,327.83,310.67,314.94,151256500
2025-06-11,326.43,335.5,322.5,334.4,122611400
2025-06-12,319.11,332.56,316.86,323.08,105127500
2025-06-13,325.31,332.99,313.3,313.97,128964300
2025-06-16,329.13,332.05,326.41,331.29,83925900
2025-06-17,316.35,327.26,314.74,326.09,88282700
2025-06-18,322.05,329.32,315.45,317.31,95137700
2025-06-20,322.16,332.36,317.78,327.95,108688000
2025-06-23,348.68,357.54,327.48,327.54,190716800
2025-06-24,340.47,356.26,340.44,356.17,114736200
2025-06-25,327.55,343.0,320.4,342.7,119845100
2025-06-26,325.78,331.05,323.61,324.61,80440900
2025-06-27,323.63,329.34,317.5,324.51,89067000
2025-06-30,317.66,325.58,316.6,319.9,76695100
2025-07-01,300.71,305.89,293.21,298.46,145085700
2025-07-02,315.65,316.83,303.82,312.63,119483700
2025-07-03,315.35,318.45,312.76,317.99,58042300
2025-07-07,293.94,296.15,288.77,291.37,131177900
2025-07-08,297.81,304.05,294.35,297.0,103246700
2025-07-09,295.88,300.15,293.55,297.55,75586800
2025-07-10,309.87,310.48,300.0,300.05,104365300
2025-07-11,313.51,314.09,305.65,307.89,79236400
2025-07-14,316.9,322.6,312.67,317.73,78043400
2025-07-15,310.78,321.2,310.5,319.68,77556300
2025-07-16,321.67,323.5,312.62,312.8,97284800
2025-07-17,319.41,324.34,317.06,323.15,73922900
2025-07-18,329.65,330.9,321.42,321.66,94255000
2025-07-21,328.49,338.0,326.88,334.4,75768800
2025-07-22,332.11,335.41,321.55,329.74,77370400
2025-07-23,332.56,336.2,328.67,330.9,92553800
2025-07-24,305.3,310.15,300.41,310.0,156966000
2025-07-25,316.06,323.63,308.01,308.74,148227000
2025-07-28,325.59,330.49,315.69,318.45,112673800
2025-07-29,321.2,326.25,318.25,325.55,87358900
2025-07-30,319.04,324.45,311.62,322.18,83931900
2025-07-31,308.27,321.37,306.1,319.61,85270900
2025-08-01,302.63,309.31,297.82,306.21,89121400
2025-08-04,309.26,312.12,303.0,309.08,78683900
2025-08-05,308.72,312.45,305.5,308.95,57961300
2025-08-06,319.91,320.47,306.93,307.89,78523600
2025-08-07,322.27,322.4,316.16,319.79,66658700
2025-08-08,329.65,335.15,320.98,321.43,91200300
2025-08-11,339.03,346.64,334.15,335.0,105320200
2025-08-12,340.84,345.26,332.94,345.0,80522100
2025-08-13,339.38,348.98,338.2,341.5,67838900
2025-08-14,335.58,340.47,330.4,335.76,75000700
2025-08-15,330.56,339.3,327.02,337.66,74319800
2025-08-18,335.16,336.27,329.59,329.62,56956600
2025-08-19,329.31,340.55,327.85,335.79,75956000
2025-08-20,323.9,331.37,314.6,329.22,77481800
2025-08-21,320.11,324.9,318.68,322.08,55744400
2025-08-22,340.01,340.25,319.69,321.66,94016300
2025-08-25,346.6,349.53,335.03,338.9,86670000
2025-08-26,351.67,351.9,343.72,344.93,76651600
2025-08-27,349.6,355.39,349.16,351.94,65519000
2025-08-28,345.98,353.55,340.26,350.91,67903200
2025-08-29,333.87,348.75,331.7,347.23,81145700
2025-09-02,329.36,333.33,325.6,328.23,58392000
2025-09-03,334.09,343.33,328.51,335.2,88733300
2025-09-04,338.53,338.89,331.48,336.15,60711000
2025-09-05,350.84,355.87,344.68,348.0,108989800
2025-09-08,346.4,358.44,344.84,354.64,75208300
2025-09-09,346.97,350.77,343.82,348.44,53816000
2025-09-10,347.79,356.33,346.07,350.55,72121700
2025-09-11,368.81,368.99,347.6,350.17,103756000
2025-09-12,395.94,396.69,370.24,370.94,168156400
2025-09-15,410.04,425.7,402.43,423.13,163823700
2025-09-16,421.62,423.25,411.43,414.5,104285700
2025-09-17,425.86,428.31,409.67,415.75,106133500
2025-09-18,416.85,432.22,416.56,428.87,90454500
2025-09-19,426.07,429.47,421.72,421.82,93131000
2025-09-22,434.21,444.98,429.13,431.11,97108800
2025-09-23,425.85,440.97,423.72,439.88,83422700
2025-09-24,442.79,444.21,429.03,429.83,93133600
2025-09-25,423.39,435.35,419.08,435.24,96746400
2025-09-26,440.4,440.47,421.02,428.3,101628200
2025-09-29,443.21,450.98,439.5,444.35,79491500
2025-09-30,444.72,445.0,433.12,441.52,74358000
2025-10-01,459.46,462.29,440.75,443.8,98122300
2025-10-02,436.0,470.75,435.57,470.54,137009000
2025-10-03,429.83,446.77,416.58,443.29,133188200
2025-10-06,453.25,453.55,436.69,440.75,85324900
2025-10-07,433.09,452.68,432.45,447.82,102296100
2025-10-08,438.69,441.33,425.23,437.57,71192100
2025-10-09,435.54,436.35,426.18,431.81,69339900
2025-10-10,413.49,443.13,411.45,436.54,112107900
2025-10-13,435.9,436.89,419.7,423.53,79552800
2025-10-14,429.24,434.2,417.86,426.79,72669400
2025-10-15,435.15,440.51,426.33,434.9,71558200
2025-10-16,428.75,439.35,421.31,434.73,77189900
2025-10-17,439.31,441.46,423.6,425.5,89331600
2025-10-20,447.43,449.8,440.61,443.87,63719000
2025-10-21,442.6,449.3,442.05,445.76,54412200
2025-10-22,438.97,445.54,429.0,443.45,84023500
2025-10-23,448.98,449.4,413.9,420.0,126709800
2025-10-24,433.72,451.68,430.17,446.83,94727800
2025-10-27,452.42,460.16,438.69,439.98,105867500
2025-10-28,460.55,467.0,451.6,454.78,80185700
2025-10-29,461.51,465.7,452.65,462.5,67983500
2025-10-30,440.1,455.06,439.61,451.05,72447900
2025-10-31,456.56,458.0,443.69,446.75,83135800
2025-11-03,468.37,474.07,453.8,455.99,84595200
2025-11-04,444.26,460.22,443.6,454.46,87756600
2025-11-05,462.07,466.33,440.71,452.05,85573000
2025-11-06,445.91,467.45,435.09,461.96,109622900
2025-11-07,429.52,439.36,421.88,437.92,103471500
2025-11-10,445.23,449.67,433.36,439.6,76515900
2025-11-11,439.62,442.49,432.36,439.4,60533200
2025-11-12,430.6,442.33,426.56,442.15,58513500
2025-11-13,401.99,424.5,396.34,423.13,118948000
2025-11-14,404.35,412.19,382.78,386.3,105506700
2025-11-17,408.92,423.96,398.74,398.74,102214300
2025-11-18,401.25,408.9,393.71,405.38,80688600
2025-11-19,403.99,411.78,398.5,406.18,72047700
2025-11-20,395.23,428.94,394.74,414.63,113548800
2025-11-21,391.09,402.8,383.76,402.32,100460600
2025-11-24,417.78,421.72,401.09,402.17,96806400
2025-11-25,419.4,420.48,405.95,414.42,71915600
2025-11-26,426.58,426.94,416.89,423.95,63463000
2025-11-28,430.17,432.93,426.2,426.59,36252900
2025-12-01,430.14,433.66,425.29,425.32,57463600
2025-12-02,429.24,436.8,422.12,430.81,69336600
2025-12-03,446.74,447.92,431.11,432.1,87483000
2025-12-04,454.53,454.63,445.39,449.94,71906500
2025-12-05,455.0,458.87,451.66,453.03,56427500
2025-12-08,439.58,449.75,435.25,447.45,69165800
2025-12-09,445.17,452.39,435.7,437.54,62367400
2025-12-10,451.45,456.88,443.61,446.07,63257500
2025-12-11,446.89,449.27,440.33,448.95,55979500
2025-12-12,458.96,463.01,441.67,448.09,95656700
2025-12-15,475.31,481.77,467.66,469.44,114542200
2025-12-16,489.88,491.5,465.83,472.21,107608100
2025-12-17,467.26,495.28,466.2,488.22,106490400
2025-12-18,483.37,490.86,473.12,478.16,95168400
2025-12-19,481.2,490.49,474.72,488.12,103305400
2025-12-22,488.73,498.83,485.33,489.88,86916100
2025-12-23,485.56,491.97,482.84,489.4,58223600
2025-12-24,485.4,490.9,476.8,488.48,41285400
2025-12-26,475.19,489.09,473.82,485.23,58780700
2025-12-29,459.64,469.4,459.0,469.0,66263000
2025-12-30,454.43,463.12,453.83,461.09,59238500
2025-12-31,449.72,456.55,449.3,456.1,49078000
2026-01-02,438.07,458.34,435.3,457.8,85535400
2026-01-05,451.67,457.55,444.57,447.99,67940800
2026-01-06,432.96,448.25,428.78,446.38,89093800
2026-01-07,431.41,438.37,431.29,435.9,59828800
2026-01-08,435.8,436.89,424.37,427.89,57041100
2026-01-09,445.01,449.05,430.39,435.95,67331500
2026-01-12,448.96,454.3,438.0,441.23,61649600
2026-01-13,447.2,451.81,443.95,450.2,53719200
2026-01-14,439.2,443.91,434.22,442.81,57259500
2026-01-15,438.57,445.36,437.65,441.13,49465800
2026-01-16,437.5,447.25,435.26,439.5,60220600
2026-01-20,419.25,430.73,417.44,429.36,63187300
2026-01-21,431.44,438.2,419.62,421.66,68124000
2026-01-22,449.36,449.5,432.63,435.16,71546700
2026-01-23,449.06,452.43,444.04,447.43,56771400
2026-01-26,435.2,445.04,434.28,445.0,49397400
2026-01-27,430.9,437.52,430.69,437.41,37733100
2026-01-28,431.46,438.26,430.1,431.91,54857400
2026-01-29,416.56,440.23,414.62,437.8,81686100
2026-01-30,430.41,439.88,422.7,425.35,82626100
2026-02-02,421.81,427.15,414.5,421.29,58739500
2026-02-03,421.96,428.56,413.69,424.27,56886500
2026-02-04,406.01,423.9,399.18,420.46,74606900
2026-02-05,397.21,402.1,387.53,397.02,72819800
2026-02-06,411.11,414.55,397.75,400.87,62677100
2026-02-09,417.32,421.25,407.29,409.91,54484300
2026-02-10,425.21,427.25,417.0,418.08,64450200
2026-02-11,428.27,436.35,420.03,427.96,57362000
2026-02-12,417.07,436.23,414.0,430.3,61933400
2026-02-13,417.44,424.06,410.88,414.31,51434100
2026-02-17,410.63,413.72,400.51,412.36,59678800
2026-02-18,411.32,416.9,409.58,411.11,45921400
2026-02-19,411.71,415.25,404.11,407.25,51019600
2026-02-20,411.82,414.7,405.5,408.3,57912200
2026-02-23,399.83,407.7,394.04,407.29,69680000
2026-02-24,409.38,410.82,397.64,399.5,58579500
2026-02-25,417.4,420.34,412.15,412.15,54809700
2026-02-26,408.58,416.81,403.66,414.42,53602500
2026-02-27,402.51,407.12,398.11,402.94,56890100
2026-03-02,403.32,404.54,388.25,390.6,55088300
2026-03-03,392.43,396.34,385.39,395.09,62617300
2026-03-04,405.94,408.33,394.58,397.85,68305500
2026-03-05,405.55,408.62,399.42,401.57,51925900
2026-03-06,396.73,402.35,394.21,398.09,64054600
2026-03-09,398.68,401.59,381.4,390.05,67018900
2026-03-10,399.24,406.59,398.19,402.22,59258700
2026-03-11,407.82,416.38,402.15,402.28,62559900
2026-03-12,395.01,406.5,394.65,405.18,60973800
2026-03-13,391.2,400.2,389.95,399.17,58504100
2026-03-16,395.56,403.73,394.42,396.22,58068300
2026-03-17,399.27,400.12,393.0,395.69,46890500
2026-03-18,392.78,403.07,392.31,399.0,50853100
2026-03-19,380.3,387.27,378.73,387.27,67078300
2026-03-20,367.96,379.89,364.46,379.85,78628600
2026-03-23,380.85,385.33,372.73,373.09,74606000
2026-03-24,383.03,387.48,376.31,376.56,60004900
2026-03-25,385.95,396.23,385.01,389.99,55157300
2026-03-26,372.11,384.44,371.87,381.6,55522900
2026-03-27,361.83,369.86,359.47,369.69,62065700
2026-03-30,355.28,367.29,352.14,365.86,67954400
2026-03-31,371.75,373.33,361.0,361.51,75534900
2026-04-01,381.26,383.14,374.08,378.63,58683800
2026-04-02,360.59,370.28,359.03,364.2,83031200
2026-04-06,352.82,367.72,346.64,362.59,77697600
2026-04-07,346.65,348.02,337.24,346.44,74515400
2026-04-08,343.25,364.5,339.67,363.79,78838600
2026-04-09,345.62,348.88,337.25,343.15,62164000
2026-04-10,348.95,350.36,342.74,346.29,51336000
2026-04-13,352.42,356.35,348.57,350.07,53617500
2026-04-14,364.2,367.63,354.77,357.67,59979600
2026-04-15,391.95,394.65,362.5,366.83,113810400
2026-04-16,388.9,394.06,381.8,393.81,63515100
2026-04-17,400.62,409.28,391.65,395.92,90640000
2026-04-20,392.5,406.8,388.33,402.58,64603900
2026-04-21,386.42,393.95,385.22,393.0,50530600
2026-04-22,387.51,393.01,385.3,387.57,62362800
2026-04-23,373.72,386.0,368.39,375.28,93969500
2026-04-24,376.3,382.76,370.73,373.5,62893300
2026-04-27,378.67,380.78,364.02,372.09,66735800
2026-04-28,376.02,382.29,372.54,374.68,50864400
2026-04-29,372.8,376.4,370.04,375.4,45384800
2026-04-30,381.63,384.75,368.17,372.75,51076000
2026-05-01,390.82,397.82,378.8,382.49,65338300
2026-05-04,392.51,394.64,384.8,390.23,48765100
2026-05-05,389.37,402.12,389.0,395.19,47780600
2026-05-06,398.73,401.68,384.02,386.25,53465400
2026-05-07,411.79,415.83,402.12,407.48,64294200
2026-05-08,428.35,431.2,416.39,416.48,65050000
2026-05-11,445.0,449.16,416.8,422.16,78376100
2026-05-12,433.45,447.8,422.26,441.41,60569300
2026-05-13,445.27,453.4,430.21,436.67,68283200
2026-05-14,443.3,451.98,441.16,446.49,46070400
2026-05-15,422.24,434.66,422.0,433.98,52688700
2026-05-18,409.99,421.13,405.33,419.27,52474200
2026-05-19,404.11,405.63,393.63,403.16,46500600
2026-05-20,417.26,417.46,406.39,407.6,45294700
2026-05-21,417.85,426.95,412.9,422.18,42636900
2026-05-22,426.01,431.51,420.51,422.67,46104700
2026-05-26,433.59,435.2,426.12,430.26,45658900
2026-05-27,440.36,445.6,435.52,442.89,44656500
2026-05-28,442.1,443.96,436.3,437.62,32435000
2026-05-29,435.79,441.07,428.14,439.85,45176800
2026-06-01,415.88,429.6,415.43,427.49,44937900
2026-06-02,423.74,424.42,413.65,418.22,37596000
2026-06-03,423.7,433.6,416.0,418.7,44500700
2026-06-04,418.45,426.35,417.16,419.84,35323300
2026-06-05,391.0,424.68,388.59,420.5,63420200
2026-06-08,408.95,412.94,394.72,396.33,50328800
2026-06-09,396.68,418.5,384.24,411.03,59940200
2026-06-10,381.59,397.09,380.15,391.54,49695600
2026-06-11,399.15,399.54,380.66,388.28,45324300
2026-06-12,406.43,406.68,386.76,399.49,63514500
2026-06-15,411.15,416.0,407.1,412.37,45620500
2026-06-16,404.66,412.42,400.54,404.11,40255500
2026-06-17,396.38,405.94,393.76,401.53,43534300
2026-06-18,400.49,402.52,384.7,398.1,58384700
2026-06-22,405.05,414.75,394.4,394.85,47819500
2026-06-23,381.61,392.87,379.06,392.61,50420200
2026-06-24,375.53,384.58,373.05,380.08,37081400
2026-06-25,375.12,379.12,371.22,375.27,30138800
2026-06-26,379.71,387.8,368.6,370.15,53434100
2026-06-29,411.84,413.27,379.3,381.79,57645800
2026-06-30,420.6,424.54,406.0,406.0,43385600
2026-07-01,425.3,432.86,418.09,421.46,40127900
2026-07-02,393.45,432.35,389.3,428.01,73717700
2026-07-06,419.77,420.0,390.5,397.5,54727900
2026-07-07,402.9,419.56,401.88,416.96,38043200
2026-07-08,394.06,399.63,390.51,399.38,33844900
2026-07-09,406.55,407.86,390.86,393.99,37835000
2026-07-10,407.76,413.16,402.81,410.49,33342700
2026-07-13,394.76,405.57,391.37,404.61,32729700
2026-07-14,396.18,402.22,394.76,399.05,23320600
2026-07-15,394.46,406.59,390.66,399.4,31471800
2026-07-16,391.06,395.31,385.32,392.35,29130400
2026-07-17,380.84,385.69,377.22,381.78,31317100
2026-07-20,369.57,386.61,369.43,386.05,33801700
2026-07-21,378.93,384.07,369.98,371.17,32654000
2026-07-22,374.01,380.17,372.9,375.53,29828100
2026-07-23,319.69,342.11,315.74,341.0,115219900
